uu_tien,so_hieu,nam,lo,ma_hien_tai,van_de,source_url
1,1600/TB-TCHQ,2020,lot-11-subagent,31059000,"mã bị đổi cho khớp lý do văn bản khác; lô agent con: đọc lại + evidence",https://thuvienphapluat.vn/van-ban/Xuat-nhap-khau/Thong-bao-1600-TB-TCHQ-2020-ket-qua-phan-loai-doi-voi-Mau-thuc-pham-Color-Component-520758.aspx
1,1325/TB-TCHQ,2020,lot-12-subagent,38249999,"mã bị đổi cho khớp lý do văn bản khác; lô agent con: đọc lại + evidence",https://thuvienphapluat.vn/van-ban/Xuat-nhap-khau/Thong-bao-1325-TB-TCHQ-2020-ket-qua-phan-loai-doi-voi-hang-hoa-xuat-khau-nhap-khau-493611.aspx
1,1326/TB-TCHQ,2020,lot-12-subagent,38249999,"mã bị đổi cho khớp lý do văn bản khác; lô agent con: đọc lại + evidence",https://thuvienphapluat.vn/van-ban/Xuat-nhap-khau/Thong-bao-1326-TB-TCHQ-2020-ket-qua-phan-loai-doi-voi-Grapite-nhan-tao-cac-loai-493612.aspx
1,1332/TB-TCHQ,2020,lot-13-subagent,38249999,"mã bị đổi cho khớp lý do văn bản khác; lô agent con: đọc lại + evidence",https://thuvienphapluat.vn/van-ban/Xuat-nhap-khau/Thong-bao-1332-TB-TCHQ-2020-ket-qua-phan-loai-thep-khong-hop-kim-can-phang-521642.aspx
1,1097/TB-TCHQ,2020,lot-15-subagent,38249999,"mã bị đổi cho khớp lý do văn bản khác; lô agent con: đọc lại + evidence",https://thuvienphapluat.vn/van-ban/Xuat-nhap-khau/Thong-bao-1097-TB-TCHQ-2020-ket-qua-phan-loai-doi-voi-Bot-nhao-nhom-tao-ong-anh-san-pham-son-521973.aspx
1,3745/TB-TCHQ,2019,lot-16-subagent,72125094,"mã bị đổi cho khớp lý do văn bản khác; lô agent con: đọc lại + evidence",https://thuvienphapluat.vn/van-ban/Xuat-nhap-khau/Thong-bao-3745-TB-TCHQ-2019-phan-loai-Giay-phu-nhom-dang-cuon-dung-san-xuat-loa-dien-thoai-518093.aspx
1,4065/TB-TCHQ,2018,lot-17-subagent,38249999,"mã bị đổi cho khớp lý do văn bản khác; lô agent con: đọc lại + evidence",https://thuvienphapluat.vn/van-ban/Xuat-nhap-khau/Thong-bao-4065-TB-TCHQ-2018-phan-loai-hang-xuat-nhap-khau-thep-khong-hop-kim-thanh-390218.aspx
1,3261/TB-TCHQ,2018,lot-17-subagent,34021190,"mã bị đổi cho khớp lý do văn bản khác; lô agent con: đọc lại + evidence",https://thuvienphapluat.vn/van-ban/Xuat-nhap-khau/Thong-bao-3261-TB-TCHQ-2018-phan-loai-hang-hoa-xuat-nhap-khau-so-co-la-hon-hop-390230.aspx
1,3038/TB-TCHQ,2018,lot-18-subagent,38249999,"mã bị đổi cho khớp lý do văn bản khác; lô agent con: đọc lại + evidence",https://thuvienphapluat.vn/van-ban/Xuat-nhap-khau/Thong-bao-3038-TB-TCHQ-2018-phan-loai-hang-hoa-xuat-nhap-khau-Polyol-san-xuat-mut-xop-391947.aspx
1,2968/TB-TCHQ,2018,lot-18-subagent,22029950,"mã bị đổi cho khớp lý do văn bản khác; lô agent con: đọc lại + evidence",https://thuvienphapluat.vn/van-ban/Xuat-nhap-khau/Thong-bao-2968-TB-TCHQ-2018-phan-loai-hang-hoa-xuat-nhap-khau-la-thuc-pham-bao-ve-suc-khoe-391919.aspx
1,2332/TB-TCHQ,2018,lot-19-subagent,38249999,"mã bị đổi cho khớp lý do văn bản khác; lô agent con: đọc lại + evidence",https://thuvienphapluat.vn/van-ban/Xuat-nhap-khau/Thong-bao-2332-TB-TCHQ-2018-phan-loai-hang-hoa-xuat-nhap-khau-Chat-thu-ham-luong-COD-395671.aspx
1,326/TB-TCHQ,2020,lot-20-subagent,38249970,"mã bị đổi cho khớp lý do văn bản khác; lô agent con: đọc lại + evidence",https://thuvienphapluat.vn/van-ban/Xuat-nhap-khau/Thong-bao-326-TB-TCHQ-2020-ket-qua-phan-loai-nguyen-lieu-san-xuat-thuoc-Ranitidin-HCl-UPS-523373.aspx
1,1626/TB-TCHQ,2022,lot-3-25,21012030,mô tả có phần tự viết,https://thuvienphapluat.vn/van-ban/Xuat-nhap-khau/Thong-bao-1626-TB-TCHQ-2022-ket-qua-xac-dinh-truoc-ma-so-doi-voi-Nuoc-cot-tra-sua-513233.aspx
1,811/TB-TCHQ,2022,lot-3-25,23080000,mô tả có phần tự viết,https://thuvienphapluat.vn/van-ban/Xuat-nhap-khau/Thong-bao-811-TB-TCHQ-2022-ket-qua-xac-dinh-truoc-ma-so-Herb-All-LIVER-506948.aspx
1,492/TB-TCHQ,2022,lot-3-25,30049099,mô tả có phần tự viết,https://thuvienphapluat.vn/van-ban/Xuat-nhap-khau/Thong-bao-492-TB-TCHQ-2022-ket-qua-xac-dinh-truoc-ma-so-Flamigel-RT-510926.aspx
1,237/TB-TCHQ,2022,lot-3-25,73269099,mô tả có phần tự viết,https://thuvienphapluat.vn/van-ban/Xuat-nhap-khau/Thong-bao-237-TB-TCHQ-2022-ket-qua-xac-dinh-truoc-ma-so-Pallet-thep-510956.aspx
1,99/TB-TCHQ,2022,lot-3-25,29369000,mô tả có phần tự viết,https://thuvienphapluat.vn/van-ban/Xuat-nhap-khau/Thong-bao-99-TB-TCHQ-2022-ket-qua-xac-dinh-truoc-ma-so-Pediakid-Vitamin-D3-510946.aspx
1,5998/TB-TCHQ,2021,lot-3-25,85258039,mô tả có phần tự viết,https://thuvienphapluat.vn/van-ban/Xuat-nhap-khau/Thong-bao-5998-TB-TCHQ-2021-ket-qua-xac-dinh-truoc-ma-so-Mavic-3-510970.aspx
1,3819/TB-TCHQ,2021,lot-4-25,90191010,mô tả có phần tự viết,https://thuvienphapluat.vn/van-ban/Xuat-nhap-khau/Thong-bao-3819-TB-TCHQ-2021-ket-qua-xac-dinh-truoc-ma-so-The-Vzusa-526675.aspx
1,2238/TB-TCHQ,2020,lot-5-subagent,38249970,"mã bị đổi cho khớp lý do văn bản khác; lô agent con: đọc lại + evidence",https://thuvienphapluat.vn/van-ban/Xuat-nhap-khau/Thong-bao-2238-TB-TCHQ-2020-ket-qua-phan-loai-doi-voi-Thep-hop-kim-silic-ky-thuat-dien-520033.aspx
1,1702/TB-TCHQ,2020,lot-9-subagent,29313900,"mã bị đổi cho khớp lý do văn bản khác; lô agent con: đọc lại + evidence",https://thuvienphapluat.vn/van-ban/Xuat-nhap-khau/Thong-bao-1702-TB-TCHQ-2020-ket-qua-phan-loai-doi-voi-Chat-ket-dinh-lam-tu-polyme-ADHESIVE-522778.aspx
1,1703/TB-TCHQ,2020,lot-9-subagent,31059000,"mã bị đổi cho khớp lý do văn bản khác; lô agent con: đọc lại + evidence",https://thuvienphapluat.vn/van-ban/Xuat-nhap-khau/Thong-bao-1703-TB-TCHQ-2020-ket-qua-phan-loai-doi-voi-Thep-khong-hop-kim-can-nong-dang-thanh-522779.aspx
2,1705/TB-TCHQ,2020,lot-10-subagent,21039012,lô agent con: đọc lại + evidence,https://thuvienphapluat.vn/van-ban/Xuat-nhap-khau/Thong-bao-1705-TB-TCHQ-2020-ket-qua-phan-loai-doi-voi-Bot-nuoc-mam-Fish-sauce-Powder-S110-522781.aspx
2,1630/TB-TCHQ,2020,lot-10-subagent,29313900,lô agent con: đọc lại + evidence,https://luatvietnam.vn/xuat-nhap-khau/thong-bao-1630-tb-tchq-2020-phan-loai-nguyen-phu-lieu-dung-trong-nganh-sx-son-294181-d6.html
2,1607/TB-TCHQ,2020,lot-10-subagent,74199999,lô agent con: đọc lại + evidence,https://thuvienphapluat.vn/van-ban/Xuat-nhap-khau/Thong-bao-1607-TB-TCHQ-2020-ket-qua-phan-loai-doi-voi-Hop-kim-dong-dang-hat-520839.aspx
2,1599/TB-TCHQ,2020,lot-10-subagent,38249970,lô agent con: đọc lại + evidence,https://thuvienphapluat.vn/van-ban/Xuat-nhap-khau/Thong-bao-1599-TB-TCHQ-2020-ket-qua-phan-loai-doi-voi-Chat-chong-tao-bot-Antifoam-520757.aspx
2,1575/TB-TCHQ,2020,lot-11-subagent,74071040,lô agent con: đọc lại + evidence,https://thuvienphapluat.vn/van-ban/Xuat-nhap-khau/Thong-bao-1575-TB-TCHQ-2020-ket-qua-phan-loai-doi-voi-Dong-tinh-che-dang-dai-520748.aspx
2,1576/TB-TCHQ,2020,lot-11-subagent,74071040,lô agent con: đọc lại + evidence,https://thuvienphapluat.vn/van-ban/Xuat-nhap-khau/Thong-bao-1576-TB-TCHQ-2020-ket-qua-phan-loai-doi-voi-Dong-tinh-che-dang-dai-520750.aspx
2,1572/TB-TCHQ,2020,lot-11-subagent,74091900,lô agent con: đọc lại + evidence,https://thuvienphapluat.vn/van-ban/Xuat-nhap-khau/Thong-bao-1572-TB-TCHQ-2020-ket-qua-phan-loai-doi-voi-Dong-tinh-che-dang-dai-520738.aspx
2,1574/TB-TCHQ,2020,lot-11-subagent,74071040,lô agent con: đọc lại + evidence,https://thuvienphapluat.vn/van-ban/Xuat-nhap-khau/Thong-bao-1574-TB-TCHQ-2020-ket-qua-phan-loai-doi-voi-Dong-tinh-che-dang-dai-520747.aspx
2,1573/TB-TCHQ,2020,lot-12-subagent,74071040,lô agent con: đọc lại + evidence,https://thuvienphapluat.vn/van-ban/Xuat-nhap-khau/Thong-bao-1573-TB-TCHQ-2020-ket-qua-phan-loai-doi-voi-Dong-tinh-che-dang-dai-520739.aspx
2,1547/TB-TCHQ,2020,lot-12-subagent,38249999,lô agent con: đọc lại + evidence,https://thuvienphapluat.vn/van-ban/Xuat-nhap-khau/Thong-bao-1547-TB-TCHQ-2020-ket-qua-phan-loai-Hoa-chat-che-pham-hoa-hoc-chua-hop-chat-nito-520272.aspx
2,1548/TB-TCHQ,2020,lot-12-subagent,38249999,lô agent con: đọc lại + evidence,https://thuvienphapluat.vn/van-ban/Xuat-nhap-khau/Thong-bao-1548-TB-TCHQ-2020-ket-qua-phan-loai-doi-voi-Hoa-chat-hon-hop-phosphat-520273.aspx
2,1327/TB-TCHQ,2020,lot-13-subagent,38249970,lô agent con: đọc lại + evidence,https://thuvienphapluat.vn/van-ban/Xuat-nhap-khau/Thong-bao-1327-TB-TCHQ-2020-ket-qua-phan-loai-doi-voi-Phu-gia-thuc-pham-VIDOGLACEIC-521636.aspx
2,1322/TB-TCHQ,2020,lot-13-subagent,38249999,lô agent con: đọc lại + evidence,https://thuvienphapluat.vn/van-ban/Xuat-nhap-khau/Thong-bao-1322-TB-TCHQ-2020-ket-qua-phan-loai-chat-tao-bot-BK201-tu-dau-thong-521631.aspx
2,1257/TB-TCHQ,2020,lot-13-subagent,72125094,lô agent con: đọc lại + evidence,https://thuvienphapluat.vn/van-ban/Xuat-nhap-khau/Thong-bao-1257-TB-TCHQ-2020-ket-qua-phan-loai-thep-khong-hop-kim-can-phang-521289.aspx
2,1258/TB-TCHQ,2020,lot-14-subagent,72124011,lô agent con: đọc lại + evidence,https://thuvienphapluat.vn/van-ban/Xuat-nhap-khau/Thong-bao-1258-TB-TCHQ-2020-ket-qua-phan-loai-bang-thep-phu-PE-khong-hop-kim-521290.aspx
2,1255/TB-TCHQ,2020,lot-14-subagent,72107011,lô agent con: đọc lại + evidence,https://thuvienphapluat.vn/van-ban/Xuat-nhap-khau/Thong-bao-1255-TB-TCHQ-2020-ket-qua-phan-loai-thep-khong-hop-kim-can-phang-521281.aspx
2,1220/TB-TCHQ,2020,lot-14-subagent,21069099,lô agent con: đọc lại + evidence,https://thuvienphapluat.vn/van-ban/Xuat-nhap-khau/Thong-bao-1220-TB-TCHQ-2020-ket-qua-phan-loai-bot-pho-mai-Edam-Cheese-55214-CP-523194.aspx
2,1189/TB-TCHQ,2020,lot-14-subagent,32089090,lô agent con: đọc lại + evidence,https://thuvienphapluat.vn/van-ban/Xuat-nhap-khau/Thong-bao-1189-TB-TCHQ-2020-ket-qua-phan-loai-doi-voi-ban-thanh-pham-cua-son-di-tu-Copolymer-521505.aspx
2,1168/TB-TCHQ,2020,lot-14-subagent,38249999,lô agent con: đọc lại + evidence,https://thuvienphapluat.vn/van-ban/Xuat-nhap-khau/Thong-bao-1168-TB-TCHQ-2020-ket-qua-phan-loai-hat-don-Cancium-Carbonate-Masterbatch-Filler-521490.aspx
2,1094/TB-TCHQ,2020,lot-15-subagent,38249999,lô agent con: đọc lại + evidence,https://thuvienphapluat.vn/van-ban/Xuat-nhap-khau/Thong-bao-1094-TB-TCHQ-2020-ket-qua-phan-loai-doi-voi-Chat-phu-gia-C2-522354.aspx
2,1092/TB-TCHQ,2020,lot-15-subagent,38249999,lô agent con: đọc lại + evidence,https://thuvienphapluat.vn/van-ban/Xuat-nhap-khau/Thong-bao-1092-TB-TCHQ-2020-ket-qua-phan-loai-doi-voi-Che-pham-hoa-hoc-ZINC-CARBONATE-522352.aspx
2,1093/TB-TCHQ,2020,lot-15-subagent,94019099,lô agent con: đọc lại + evidence,https://thuvienphapluat.vn/van-ban/Xuat-nhap-khau/Thong-bao-1093-TB-TCHQ-2020-ket-qua-phan-loai-doi-voi-Bo-vo-boc-ghe-bang-da-thuoc-tong-hop-522353.aspx
2,3614/TB-TCHQ,2019,lot-16-subagent,38244000,lô agent con: đọc lại + evidence,https://thuvienphapluat.vn/van-ban/Xuat-nhap-khau/Thong-bao-3614-TB-TCHQ-2019-phan-loai-hang-hoa-xuat-nhap-khau-Phu-gia-lam-tang-cung-be-tong-517808.aspx
2,7088/TB-TCHQ,2018,lot-16-subagent,72165090,lô agent con: đọc lại + evidence,https://thuvienphapluat.vn/van-ban/Xuat-nhap-khau/Thong-bao-7088-TB-TCHQ-2018-phan-loai-Thep-khong-hop-kim-dang-hinh-chu-M-515131.aspx
2,3963/TB-TCHQ,2018,lot-17-subagent,34021190,lô agent con: đọc lại + evidence,https://thuvienphapluat.vn/van-ban/Xuat-nhap-khau/Thong-bao-3963-TB-TCHQ-2018-phan-loai-hang-hoa-xuat-khau-chat-hoat-dong-be-mat-390913.aspx
2,3268/TB-TCHQ,2018,lot-17-subagent,60053790,lô agent con: đọc lại + evidence,https://thuvienphapluat.vn/van-ban/Xuat-nhap-khau/Thong-bao-3268-TB-TCHQ-2018-phan-loai-hang-xuat-nhap-khau-vai-luoi-390325.aspx
2,3215/TB-TCHQ,2018,lot-17-subagent,72107011,lô agent con: đọc lại + evidence,https://thuvienphapluat.vn/van-ban/Xuat-nhap-khau/Thong-bao-3215-TB-TCHQ-2018-phan-loai-hang-xuat-nhap-khau-thep-khong-hop-kim-can-phang-390222.aspx
2,3219/TB-TCHQ,2018,lot-18-subagent,72107011,lô agent con: đọc lại + evidence,https://thuvienphapluat.vn/van-ban/Xuat-nhap-khau/Thong-bao-3219-TB-TCHQ-2018-phan-loai-hang-hoa-xuat-nhap-khau-thep-khong-hop-kim-dang-cuon-390226.aspx
2,2395/TB-TCHQ,2018,lot-18-subagent,72071900,lô agent con: đọc lại + evidence,https://thuvienphapluat.vn/van-ban/Xuat-nhap-khau/Thong-bao-2395-TB-TCHQ-2018-phan-loai-hang-hoa-xuat-nhap-khau-Phoi-thep-khong-hop-kim-395785.aspx
2,2331/TB-TCHQ,2018,lot-19-subagent,38220090,lô agent con: đọc lại + evidence,https://thuvienphapluat.vn/van-ban/Xuat-nhap-khau/Thong-bao-2331-TB-TCHQ-2018-phan-loai-hang-hoa-xuat-nhap-khau-Chat-thu-ham-luong-COD-395670.aspx
2,1897/TB-TCHQ,2018,lot-19-subagent,22029030,lô agent con: đọc lại + evidence,https://thuvienphapluat.vn/van-ban/Xuat-nhap-khau/Thong-bao-1897-TB-TCHQ-2018-phan-loai-hang-hoa-xuat-nhap-khau-Thuc-pham-bao-ve-suc-khoe-382908.aspx
2,123/TB-TCHQ,2025,lot-2-25,84099149,mô tả bị cắt,https://thuvienphapluat.vn/van-ban/Xuat-nhap-khau/Thong-bao-123-TB-TCHQ-2025-ket-qua-xac-dinh-truoc-ma-so-Bo-cang-xich-cam-thuy-luc-640062.aspx
2,2614/TB-TCHQ,2023,lot-2-25,38249970,mô tả bị cắt,https://thuvienphapluat.vn/van-ban/Xuat-nhap-khau/Thong-bao-2614-TB-TCHQ-2023-ket-qua-phan-loai-hang-hoa-xuat-nhap-khau-doi-voi-Sub4salt-F3000-568625.aspx
2,1023/TB-TCHQ,2020,lot-20-subagent,38220090,lô agent con: đọc lại + evidence,https://thuvienphapluat.vn/van-ban/Xuat-nhap-khau/Thong-bao-1023-TB-TCHQ-2020-ket-qua-phan-loai-doi-voi-Hoa-chat-thi-nghiem-hang-tinh-khiet-522302.aspx
2,143/TB-TCHQ,2020,lot-20-subagent,28352990,lô agent con: đọc lại + evidence,https://thuvienphapluat.vn/van-ban/Xuat-nhap-khau/Thong-bao-143-TB-TCHQ-2020-ket-qua-phan-loai-muoi-photphat-cua-manggan-524774.aspx
2,144/TB-TCHQ,2020,lot-20-subagent,38249999,lô agent con: đọc lại + evidence,https://thuvienphapluat.vn/van-ban/Xuat-nhap-khau/Thong-bao-144-TB-TCHQ-2020-ket-qua-phan-loai-nguyen-lieu-san-xuat-chat-dinh-hinh-be-mat-kim-loai-524776.aspx
2,107/TB-TCHQ,2020,lot-21-subagent,38249099,lô agent con: đọc lại + evidence,https://thuvienphapluat.vn/van-ban/Xuat-nhap-khau/Thong-bao-107-TB-TCHQ-2020-ket-qua-phan-loai-hoat-chat-Procapil-kich-thich-moc-toc-524204.aspx
2,102/TB-TCHQ,2020,lot-21-subagent,38249999,lô agent con: đọc lại + evidence,https://thuvienphapluat.vn/van-ban/Xuat-nhap-khau/Thong-bao-102-TB-TCHQ-2020-ket-qua-phan-loai-phu-gia-CLAYTON-HT-lam-chat-gan-trong-son-524196.aspx
2,103/TB-TCHQ,2020,lot-21-subagent,29336900,lô agent con: đọc lại + evidence,https://thuvienphapluat.vn/van-ban/Xuat-nhap-khau/Thong-bao-103-TB-TCHQ-2020-ket-qua-phan-loai-hoa-chat-xu-ly-nuoc-thai-524197.aspx
2,4211/TB-TCHQ,2019,lot-21-subagent,38249999,lô agent con: đọc lại + evidence,https://thuvienphapluat.vn/van-ban/Xuat-nhap-khau/Thong-bao-4211-TB-TCHQ-2019-ket-qua-phan-loai-che-pham-hoa-hoc-xu-ly-nuoc-519741.aspx
2,4213/TB-TCHQ,2019,lot-22-subagent,34022095,lô agent con: đọc lại + evidence,https://thuvienphapluat.vn/van-ban/Xuat-nhap-khau/Thong-bao-4213-TB-TCHQ-2019-ket-qua-phan-loai-doi-voi-Phu-gia-dung-thuoc-da-bot-lam-tron-da-519742.aspx
2,4215/TB-TCHQ,2019,lot-22-subagent,68029900,lô agent con: đọc lại + evidence,https://thuvienphapluat.vn/van-ban/Xuat-nhap-khau/Thong-bao-4215-TB-TCHQ-2019-ket-qua-phan-loai-doi-voi-Da-sa-thach-519744.aspx
2,4172/TB-TCHQ,2019,lot-22-subagent,25010092,lô agent con: đọc lại + evidence,https://thuvienphapluat.vn/van-ban/Xuat-nhap-khau/Thong-bao-4172-TB-TCHQ-2019-ket-qua-phan-loai-doi-voi-Muoi-tinh-519726.aspx
2,4034/TB-TCHQ,2019,lot-22-subagent,72171039,lô agent con: đọc lại + evidence,https://thuvienphapluat.vn/van-ban/Xuat-nhap-khau/Thong-bao-4034-TB-TCHQ-2019-ket-qua-phan-loai-day-thep-du-ung-luc-khong-hop-kim-519548.aspx
2,4059/TB-TCHQ,2019,lot-22-subagent,38249999,lô agent con: đọc lại + evidence,https://thuvienphapluat.vn/van-ban/Xuat-nhap-khau/Thong-bao-4059-TB-TCHQ-2019-ket-qua-phan-loai-phu-gia-IODINE-LIQUID-519549.aspx
2,185/TB-TCHQ,2021,lot-4-25,17049099,mô tả bị cắt,https://thuvienphapluat.vn/van-ban/Xuat-nhap-khau/Thong-bao-185-TB-TCHQ-2021-ket-qua-phan-loai-keo-ribon-vi-trai-cay-tong-hop-524499.aspx
2,2487/TB-TCHQ,2020,lot-4-25,38247900,mô tả bị cắt,https://thuvienphapluat.vn/van-ban/Xuat-nhap-khau/Thong-bao-2487-TB-TCHQ-2020-ket-qua-phan-loai-Che-pham-lam-sach-dang-long-CHEMICAL-STELLAR-A-517971.aspx
2,2260/TB-TCHQ,2020,lot-5-subagent,35069100,lô agent con: đọc lại + evidence,https://thuvienphapluat.vn/van-ban/Xuat-nhap-khau/Thong-bao-2260-TB-TCHQ-2020-ket-qua-phan-loai-doi-voi-Keo-dinh-kim-loai-NEOBON-518411.aspx
2,2258/TB-TCHQ,2020,lot-5-subagent,73045190,lô agent con: đọc lại + evidence,https://thuvienphapluat.vn/van-ban/Xuat-nhap-khau/Thong-bao-2258-TB-TCHQ-2020-ket-qua-phan-loai-doi-voi-Thep-ong-hop-kim-gia-cong-ket-thuc-nguoi-518409.aspx
2,2222/TB-TCHQ,2020,lot-5-subagent,31059000,lô agent con: đọc lại + evidence,https://thuvienphapluat.vn/van-ban/Xuat-nhap-khau/Thong-bao-2222-TB-TCHQ-2020-ket-qua-phan-loai-doi-voi-Phan-bon-hon-hop-NK-bon-re-PROFARM-519944.aspx
2,2131/TB-TCHQ,2020,lot-6-subagent,72124011,lô agent con: đọc lại + evidence,https://thuvienphapluat.vn/van-ban/Xuat-nhap-khau/Thong-bao-2131-TB-TCHQ-2020-ket-qua-phan-loai-doi-voi-Thep-la-khong-hop-kim-can-phang-519110.aspx
2,2045/TB-TCHQ,2020,lot-7-subagent,38249999,lô agent con: đọc lại + evidence,https://thuvienphapluat.vn/van-ban/Xuat-nhap-khau/Thong-bao-2045-TB-TCHQ-2020-ket-qua-phan-loai-doi-voi-Isocyanate-518623.aspx
2,2030/TB-TCHQ,2020,lot-7-subagent,39079990,lô agent con: đọc lại + evidence,https://thuvienphapluat.vn/van-ban/Xuat-nhap-khau/Thong-bao-2030-TB-TCHQ-2020-ket-qua-phan-loai-doi-voi-Phu-gia-tron-son-bot-PATTERN055C9005-518715.aspx
2,1915/TB-TCHQ,2020,lot-8-subagent,38249999,lô agent con: đọc lại + evidence,https://thuvienphapluat.vn/van-ban/Xuat-nhap-khau/Thong-bao-1915-TB-TCHQ-2020-ket-qua-phan-loai-doi-voi-NEOGANTH-MV-REDUCER-519961.aspx
2,1779/TB-TCHQ,2020,lot-8-subagent,38089190,lô agent con: đọc lại + evidence,https://thuvienphapluat.vn/van-ban/Xuat-nhap-khau/Thong-bao-1779-TB-TCHQ-2020-ket-qua-phan-loai-doi-voi-Flubendiamide-WG24-thuoc-tru-sau-519653.aspx
2,1764/TB-TCHQ,2020,lot-8-subagent,38247900,lô agent con: đọc lại + evidence,https://thuvienphapluat.vn/van-ban/Xuat-nhap-khau/Thong-bao-1764-TB-TCHQ-2020-ket-qua-phan-loai-doi-voi-Che-pham-lam-sach-dang-long-TRISOH-101-519385.aspx
2,1736/TB-TCHQ,2020,lot-8-subagent,38249999,lô agent con: đọc lại + evidence,https://thuvienphapluat.vn/van-ban/Xuat-nhap-khau/Thong-bao-1736-TB-TCHQ-2020-ket-qua-phan-loai-hat-phu-gia-san-xuat-nhua-522788.aspx
2,1754/TB-TCHQ,2020,lot-8-subagent,72092610,lô agent con: đọc lại + evidence,https://thuvienphapluat.vn/van-ban/Xuat-nhap-khau/Thong-bao-1754-TB-TCHQ-2020-ket-qua-phan-loai-doi-voi-Thep-tam-can-nguoi-khong-hop-kim-can-phang-522791.aspx
2,1714/TB-TCHQ,2020,lot-9-subagent,38249999,lô agent con: đọc lại + evidence,https://thuvienphapluat.vn/van-ban/Xuat-nhap-khau/Thong-bao-1714-TB-TCHQ-2020-ket-qua-phan-loai-doi-voi-Chat-huu-co-hoat-dong-be-mat-522783.aspx
2,1715/TB-TCHQ,2020,lot-9-subagent,38249999,lô agent con: đọc lại + evidence,https://thuvienphapluat.vn/van-ban/Xuat-nhap-khau/Thong-bao-1715-TB-TCHQ-2020-ket-qua-phan-loai-doi-voi-Tui-hut-am-Cobalt-Free-Silica-Gel-Indicator-522784.aspx
3,2075/TB-TCHQ,2023,lot-2-25,82055900,thêm evidence,https://thuvienphapluat.vn/van-ban/Xuat-nhap-khau/Thong-bao-2075-TB-TCHQ-2023-ket-qua-phan-loai-hang-hoa-xuat-nhap-khau-doi-voi-Luoi-dao-3-inch-567720.aspx
3,223/TB-TCHQ,2025,lot-2-25,34024990,thêm evidence,https://thuvienphapluat.vn/van-ban/Xuat-nhap-khau/Thong-bao-223-TB-TCHQ-2025-ket-qua-xac-dinh-truoc-ma-so-doi-voi-RoBoost-35-641760.aspx
3,2524/TB-TCHQ,2023,lot-2-25,82055900,thêm evidence,https://thuvienphapluat.vn/van-ban/Xuat-nhap-khau/Thong-bao-2524-TB-TCHQ-2023-ket-qua-phan-loai-hang-hoa-xuat-nhap-khau-Luoi-dao-cong-thep-khong-gi-567714.aspx
3,2710/TB-TCHQ,2023,lot-2-25,71069200,thêm evidence,https://thuvienphapluat.vn/van-ban/Xuat-nhap-khau/Thong-bao-2710-TB-TCHQ-2023-ket-qua-phan-loai-hang-hoa-xuat-nhap-khau-Thanh-thiec-han-568630.aspx
3,2711/TB-TCHQ,2023,lot-2-25,71069200,thêm evidence,https://thuvienphapluat.vn/van-ban/Xuat-nhap-khau/Thong-bao-2711-TB-TCHQ-2023-ket-qua-phan-loai-hang-hoa-xuat-nhap-khau-Day-thiec-han-dang-cuon-568631.aspx
3,2765/TB-TCHQ,2023,lot-2-25,73101099,thêm evidence,https://thuvienphapluat.vn/van-ban/Xuat-nhap-khau/Thong-bao-2765-TB-TCHQ-2023-ket-qua-phan-loai-hang-hoa-xuat-nhap-khau-Binh-tich-ap-570256.aspx
3,3028/TB-TCHQ,2022,lot-2-25,84833090,thêm evidence,https://thuvienphapluat.vn/van-ban/Xuat-nhap-khau/Thong-bao-3028-TB-TCHQ-2022-ket-qua-xac-dinh-truoc-ma-so-bac-lot-truc-Thordon-XL-524301.aspx
3,3109/TB-TCHQ,2022,lot-2-25,22087010,thêm evidence,https://thuvienphapluat.vn/van-ban/Xuat-nhap-khau/Thong-bao-3109-TB-TCHQ-2022-xac-dinh-truoc-ma-so-Ruou-The-Choya-Ume-from-the-BIO-Farm-525251.aspx
3,3825/TB-TCHQ,2022,lot-2-25,21069091,thêm evidence,https://thuvienphapluat.vn/van-ban/Xuat-nhap-khau/Thong-bao-3825-TB-TCHQ-2022-ket-qua-xac-dinh-truoc-ma-so-Cloudifier-SC707123-530129.aspx
3,4466/TB-TCHQ,2024,lot-2-25,27101981,thêm evidence,https://thuvienphapluat.vn/van-ban/Xuat-nhap-khau/Thong-bao-4466-TB-TCHQ-2024-ket-qua-xac-dinh-truoc-ma-so-Nhien-lieu-hang-khong-ben-vung-pha-tron-625854.aspx
3,6132/TB-TCHQ,2024,lot-2-25,94054260,thêm evidence,https://thuvienphapluat.vn/van-ban/Xuat-nhap-khau/Thong-bao-6132-TB-TCHQ-2024-ket-qua-xac-dinh-truoc-ma-so-Bo-den-LED-1000W-ma-10C1-635174.aspx
3,65/TB-TCHQ,2024,lot-2-25,85444941,thêm evidence,https://thuvienphapluat.vn/van-ban/Xuat-nhap-khau/Thong-bao-65-TB-TCHQ-2024-ket-qua-xac-dinh-truoc-ma-so-596689.aspx
3,3027/TB-TCHQ,2022,lot-3-25,84833090,thêm evidence,https://thuvienphapluat.vn/van-ban/Xuat-nhap-khau/Thong-bao-3027-TB-TCHQ-2022-ket-qua-xac-dinh-truoc-ma-so-bac-lot-truc-ma-Thordon-SXL-524298.aspx
3,3025/TB-TCHQ,2022,lot-3-25,84833090,thêm evidence,https://thuvienphapluat.vn/van-ban/Xuat-nhap-khau/Thong-bao-3025-TB-TCHQ-2022-ket-qua-xac-dinh-truoc-ma-so-bac-lot-truc-524295.aspx
3,2413/TB-TCHQ,2022,lot-3-25,18063200,thêm evidence,https://thuvienphapluat.vn/van-ban/Xuat-nhap-khau/Thong-bao-2413-TB-TCHQ-2022-ket-qua-xac-dinh-truoc-ma-so-doi-voi-Hershey-kisses-creamy-milk-521884.aspx
3,1714/TB-TCHQ,2022,lot-3-25,38249970,thêm evidence,https://thuvienphapluat.vn/van-ban/Xuat-nhap-khau/Thong-bao-1714-TB-TCHQ-2022-ket-qua-xac-dinh-truoc-ma-so-doi-voi-Phu-gia-thuc-pham-513484.aspx
3,1443/TB-TCHQ,2022,lot-3-25,85258039,thêm evidence,https://thuvienphapluat.vn/van-ban/Xuat-nhap-khau/Thong-bao-1443-TB-TCHQ-2022-ket-qua-xac-dinh-truoc-ma-so-Matrice-30-Series-512011.aspx
3,1133/TB-TCHQ,2022,lot-3-25,72287010,thêm evidence,https://thuvienphapluat.vn/van-ban/Xuat-nhap-khau/Thong-bao-1133-TB-TCHQ-2022-ket-qua-phan-loai-hang-hoa-xuat-khau-nhap-khau-510897.aspx
3,658/TB-TCHQ,2022,lot-3-25,59119090,thêm evidence,https://thuvienphapluat.vn/van-ban/Xuat-nhap-khau/Thong-bao-658-TB-TCHQ-2022-ket-qua-phan-loai-hang-xuat-nhap-khau-ong-dia-ky-thuat-det-Geotube-510960.aspx
3,657/TB-TCHQ,2022,lot-3-25,59119090,thêm evidence,https://thuvienphapluat.vn/van-ban/Xuat-nhap-khau/Thong-bao-657-TB-TCHQ-2022-ket-qua-phan-loai-hang-xuat-nhap-khau-Ong-dia-ky-thuat-bang-vai-510959.aspx
3,547/TB-TCHQ,2022,lot-3-25,16029090,thêm evidence,https://thuvienphapluat.vn/van-ban/Xuat-nhap-khau/Thong-bao-547-TB-TCHQ-2022-ket-qua-xac-dinh-truoc-ma-so-tam-la-san-dong-lanh-510928.aspx
3,491/TB-TCHQ,2022,lot-3-25,85255000,thêm evidence,https://thuvienphapluat.vn/van-ban/Xuat-nhap-khau/Thong-bao-491-TB-TCHQ-2022-ket-qua-xac-dinh-truoc-ma-so-bo-dinh-tuyen-Smart-Videohub-510925.aspx
3,238/TB-TCHQ,2022,lot-3-25,85258059,thêm evidence,https://thuvienphapluat.vn/van-ban/Xuat-nhap-khau/Thong-bao-238-TB-TCHQ-2022-ket-qua-xac-dinh-truoc-ma-so-Camera-anh-nhiet-510957.aspx
3,174/TB-TCHQ,2022,lot-3-25,33049930,thêm evidence,https://thuvienphapluat.vn/van-ban/Xuat-nhap-khau/Thong-bao-174-TB-TCHQ-2022-ket-qua-xac-dinh-truoc-ma-so-duong-da-Cica-510954.aspx
3,620/TB-TCHQ,2025,lot-3-25,85371099,thêm evidence,https://thuvienphapluat.vn/van-ban/Xuat-nhap-khau/Thong-bao-620-TB-TCHQ-2025-ket-qua-xac-dinh-truoc-ma-so-doi-voi-LS-Programmable-Logic-Controller-643251.aspx
3,2843/TB-TCHQ,2018,lot-3-25,38249099,thêm evidence,https://thuvienphapluat.vn/van-ban/Xuat-nhap-khau/Thong-bao-2843-TB-TCHQ-nam-2018-ve-phan-loai-hang-hoa-xuat-khau-nhap-khau-Ta-duoc-bao-phim-386236.aspx
3,4800/TB-TCHQ,2021,lot-3-25,85371019,thêm evidence,https://thuvienphapluat.vn/van-ban/Xuat-nhap-khau/Thong-bao-4800-TB-TCHQ-2021-ket-qua-xac-dinh-truoc-ma-so-491306.aspx
3,4561/TB-TCHQ,2021,lot-3-25,38244000,thêm evidence,https://thuvienphapluat.vn/van-ban/Xuat-nhap-khau/Thong-bao-4561-TB-TCHQ-2021-ket-qua-xac-dinh-truoc-ma-so-489007.aspx
3,4386/TB-TCHQ,2021,lot-3-25,85177021,thêm evidence,https://thuvienphapluat.vn/van-ban/Xuat-nhap-khau/Thong-bao-4386-TB-TCHQ-2021-ket-qua-xac-dinh-truoc-ma-so-488225.aspx
3,3818/TB-TCHQ,2021,lot-4-25,90191010,thêm evidence,https://thuvienphapluat.vn/van-ban/Xuat-nhap-khau/Thong-bao-3818-TB-TCHQ-2021-ket-qua-xac-dinh-truoc-ma-so-Dr-Arrivo-Ghost-Premium-526674.aspx
3,3831/TB-TCHQ,2021,lot-4-25,85312000,thêm evidence,https://thuvienphapluat.vn/van-ban/Xuat-nhap-khau/Thong-bao-3831-TB-TCHQ-2021-ket-qua-xac-dinh-truoc-ma-so-Hien-thi-dien-tu-thang-may-526676.aspx
3,252/TB-TCHQ,2021,lot-4-25,94054099,thêm evidence,https://thuvienphapluat.vn/van-ban/Xuat-nhap-khau/Thong-bao-252-TB-TCHQ-2021-ket-qua-phan-loai-den-tia-cuc-tim-lo-say-kho-keo-220V-600W-524660.aspx
3,189/TB-TCHQ,2021,lot-4-25,39205111,thêm evidence,https://thuvienphapluat.vn/van-ban/Xuat-nhap-khau/Thong-bao-189-TB-TCHQ-2021-ket-qua-phan-loai-tam-Plastic-tu-poly-metyl-metacrylat-524501.aspx
3,103/TB-TCHQ,2021,lot-4-25,38249999,thêm evidence,https://thuvienphapluat.vn/van-ban/Xuat-nhap-khau/Thong-bao-103-TB-TCHQ-2021-ket-qua-phan-loai-Keo-ket-dinh-cao-su-RA-65-524198.aspx
3,6311/TB-TCHQ,2020,lot-4-25,29171900,thêm evidence,https://thuvienphapluat.vn/van-ban/Xuat-nhap-khau/Thong-bao-6311-TB-TCHQ-2020-ket-qua-phan-loai-Anhydrit-Dihydro3-san-xuat-de-giay-518917.aspx
3,6313/TB-TCHQ,2020,lot-4-25,14049099,thêm evidence,https://thuvienphapluat.vn/van-ban/Xuat-nhap-khau/Thong-bao-6313-TB-TCHQ-2020-ket-qua-phan-loai-cat-ve-sinh-cho-meo-hieu-Acropet-518920.aspx
3,2658/TB-TCHQ,2020,lot-4-25,32089019,thêm evidence,https://thuvienphapluat.vn/van-ban/Xuat-nhap-khau/Thong-bao-2658-TB-TCHQ-2020-ket-qua-phan-loai-doi-voi-Vecni-517853.aspx
3,2643/TB-TCHQ,2020,lot-4-25,39206290,thêm evidence,https://thuvienphapluat.vn/van-ban/Xuat-nhap-khau/Thong-bao-2643-TB-TCHQ-2020-ket-qua-phan-loai-doi-voi-Giay-nhu-kim-dang-cuon-517846.aspx
3,2644/TB-TCHQ,2020,lot-4-25,72254090,thêm evidence,https://thuvienphapluat.vn/van-ban/Xuat-nhap-khau/Thong-bao-2644-TB-TCHQ-2020-ket-qua-phan-loai-Thep-hop-kim-dang-tam-can-phang-can-nong-517847.aspx
3,2563/TB-TCHQ,2020,lot-4-25,38249099,thêm evidence,https://thuvienphapluat.vn/van-ban/Xuat-nhap-khau/Thong-bao-2563-TB-TCHQ-2020-ket-qua-phan-loai-Che-pham-dung-de-phu-be-mat-bu-long-526587.aspx
3,2518/TB-TCHQ,2020,lot-4-25,30049099,thêm evidence,https://thuvienphapluat.vn/van-ban/Xuat-nhap-khau/Thong-bao-2518-TB-TCHQ-2020-ket-qua-phan-loai-doi-voi-Vien-dat-am-dao-SILNOZIGYN-518028.aspx
3,2519/TB-TCHQ,2020,lot-4-25,40030000,thêm evidence,https://thuvienphapluat.vn/van-ban/Xuat-nhap-khau/Thong-bao-2519-TB-TCHQ-2020-ket-qua-phan-loai-doi-voi-Cao-su-tai-sinh-518030.aspx
3,2535/TB-TCHQ,2020,lot-4-25,48026240,thêm evidence,https://thuvienphapluat.vn/van-ban/Xuat-nhap-khau/Thong-bao-2535-TB-TCHQ-2020-ket-qua-phan-loai-doi-voi-Giay-bia-mau-den-chua-trang-phu-dang-to-518265.aspx
3,2492/TB-TCHQ,2020,lot-4-25,85369094,thêm evidence,https://thuvienphapluat.vn/van-ban/Xuat-nhap-khau/Thong-bao-2492-TB-TCHQ-2020-ket-qua-phan-loai-doi-voi-Nap-chup-bao-ve-tu-dien-bang-nhua-517979.aspx
3,2489/TB-TCHQ,2020,lot-4-25,38249099,thêm evidence,https://thuvienphapluat.vn/van-ban/Xuat-nhap-khau/Thong-bao-2489-TB-TCHQ-2020-ket-qua-phan-loai-DIVINYLBENZENE-dung-trong-san-xuat-Polyme-517973.aspx
3,2414/TB-TCHQ,2020,lot-4-25,38249999,thêm evidence,https://thuvienphapluat.vn/van-ban/Xuat-nhap-khau/Thong-bao-2414-TB-TCHQ-2020-ket-qua-phan-loai-doi-voi-Dung-dich-ma-kim-loai-LSG-518492.aspx
3,2415/TB-TCHQ,2020,lot-4-25,38249999,thêm evidence,https://thuvienphapluat.vn/van-ban/Xuat-nhap-khau/Thong-bao-2415-TB-TCHQ-2020-ket-qua-phan-loai-chat-xuc-tac-chua-Ethylene-vinyl-acetate-520259.aspx
3,2307/TB-TCHQ,2020,lot-4-25,63079090,thêm evidence,https://thuvienphapluat.vn/van-ban/Xuat-nhap-khau/Thong-bao-2307-TB-TCHQ-2020-ket-qua-phan-loai-doi-voi-Day-tang-chang-hang-519337.aspx
3,2306/TB-TCHQ,2020,lot-4-25,29161200,thêm evidence,https://thuvienphapluat.vn/van-ban/Xuat-nhap-khau/Thong-bao-2306-TB-TCHQ-2020-ket-qua-phan-loai-doi-voi-Nguyen-lieu-san-xuat-Muc-in-519336.aspx
