lo,nhom,so_nhom,ky_tu_nguon,trang_thai,nguoi_lam,pr,uu_tien,phu_cum_pct
001,9608 7013 8214 9017 4009 8545,6,126314,chua-lam,,,oz:28 oz:27 oz:26 oz:26 oz:25 oz:25,85.0
002,8523 5903 6104 6117 8205 8708,6,227143,chua-lam,,,oz:24 oz:23 oz:23 oz:23 oz:23 oz:23,86.3
003,9404 3921 9025 4823 6005 6102,6,199231,chua-lam,,,oz:23 oz:22 oz:22 oz:21 oz:21 oz:21,87.6
004,7612 4008 5408 6110 6810 8437,6,145333,chua-lam,,,oz:21 oz:20 oz:19 oz:19 oz:19 oz:19,88.7
005,9019 9106 4203 7009 6913 8306,6,93315,chua-lam,,,oz:19 oz:19 oz:18 oz:18 oz:17 oz:16,89.8
006,8477 6109 7615 9609 3215 6306,6,158336,chua-lam,,,oz:16 oz:15 oz:15 oz:15 oz:14 oz:14,90.6
007,6804 7412 8423 6201 6204 8539,6,212368,chua-lam,,,oz:14 oz:14 oz:14 oz:13 oz:13 oz:13,91.4
008,9003 9030 3406 3918 7019 8308,6,141476,chua-lam,,,oz:13 oz:13 oz:12 oz:12 oz:12 oz:12,92.1
009,4818 6006 6406 7320 9002 9606,6,122243,chua-lam,,,oz:11 oz:11 oz:11 oz:11 oz:11 oz:11,92.8
010,4011 4015 5515 7321 8213 8512,6,147413,chua-lam,,,oz:10 oz:10 oz:10 oz:10 oz:10 oz:10,93.4
011,8531 8548 9105 5208 5309 6001,6,200047,chua-lam,,,oz:10 oz:10 oz:10 oz:9 oz:9 oz:9,93.9
012,6101 7117 7308 8203 8460 8519,6,194857,chua-lam,,,oz:9 oz:9 oz:9 oz:9 oz:9 oz:9,94.4
013,6116 7315 7419 8307 3916 4811,6,168891,chua-lam,,,oz:8 oz:8 oz:8 oz:8 oz:7 oz:7,94.9
014,4819 6305 6601 6603 6805 6815,6,85857,chua-lam,,,oz:7 oz:7 oz:7 oz:7 oz:7 oz:7,95.3
015,8212 9032 9406 9616 3407 4820,6,111479,chua-lam,,,oz:7 oz:7 oz:7 oz:7 oz:6 oz:6,95.7
016,5607 6107 6302 8201 8309 8311,6,155020,chua-lam,,,oz:6 oz:6 oz:6 oz:6 oz:6 oz:6,96.0
017,9028 9607 9619 4012 4420 5401,6,73713,chua-lam,,,oz:6 oz:6 oz:6 oz:5 oz:5 oz:5,96.4
018,5705 6814 6910 6911 7010 8215,6,91966,chua-lam,,,oz:5 oz:5 oz:5 oz:5 oz:5 oz:5,96.6
019,8451 8462 8465 8511 8529 9013,6,289777,chua-lam,,,oz:5 oz:5 oz:5 oz:5 oz:5 oz:5,96.9
020,9610 4013 4418 5511 5602 5609,6,126477,chua-lam,,,oz:5 oz:4 oz:4 oz:4 oz:4 oz:4,97.2
021,5804 5806 5808 6214 6216 6809,6,192285,chua-lam,,,oz:4 oz:4 oz:4 oz:4 oz:4 oz:4,97.4
022,6909 7314 7317 7607 7610 8441,6,139292,chua-lam,,,oz:4 oz:4 oz:4 oz:4 oz:4 oz:4,97.6
023,8447 8503 8530 9015 9029 9505,6,201320,chua-lam,,,oz:4 oz:4 oz:4 oz:4 oz:4 oz:4,97.9
024,9612 3506 4421 4812 4908 4911,6,111195,chua-lam,,,oz:4 oz:3 oz:3 oz:3 oz:3 oz:3,98.1
025,5209 5906 5911 6112 6203 6208,6,217458,chua-lam,,,oz:3 oz:3 oz:3 oz:3 oz:3 oz:3,98.2
026,6401 6506 6802 6903 7310 7311,6,78208,chua-lam,,,oz:3 oz:3 oz:3 oz:3 oz:3 oz:3,98.4
027,7324 7325 8202 8204 8206 8211,6,116150,chua-lam,,,oz:3 oz:3 oz:3 oz:3 oz:3 oz:3,98.6
028,8305 8416 8418 8456 8459 9011,6,240410,chua-lam,,,oz:3 oz:3 oz:3 oz:3 oz:3 oz:3,98.8
029,9024 9113 9618 3701 3902 3904,6,139837,chua-lam,,,oz:3 oz:3 oz:3 oz:2 oz:2 oz:2,98.9
030,3914 4014 4412 4802 4807 5210,6,187475,chua-lam,,,oz:2 oz:2 oz:2 oz:2 oz:2 oz:2,99.0
031,5508 5510 5601 5608 5703 6106,6,188117,chua-lam,,,oz:2 oz:2 oz:2 oz:2 oz:2 oz:2,99.1
032,6111 6114 6303 6504 6702 6914,6,125411,chua-lam,,,oz:2 oz:2 oz:2 oz:2 oz:2 oz:2,99.3
033,7018 7304 7312 7408 7418 8425,6,144787,chua-lam,,,oz:2 oz:2 oz:2 oz:2 oz:2 oz:2,99.4
034,8449 8453 8461 8484 8510 9402,6,256994,chua-lam,,,oz:2 oz:2 oz:2 oz:2 oz:2 oz:2,99.5
035,9504 2508 3401 3802 3810 3907,6,130086,chua-lam,,,oz:2 oz:1 oz:1 oz:1 oz:1 oz:1,99.6
036,4006 4415 4814 4821 5207 5211,6,148552,chua-lam,,,oz:1 oz:1 oz:1 oz:1 oz:1 oz:1,99.6
037,5402 5512 5513 5702 5909 6105,6,181909,chua-lam,,,oz:1 oz:1 oz:1 oz:1 oz:1 oz:1,99.7
038,6202 6211 6215 6301 6304 7017,6,191135,chua-lam,,,oz:1 oz:1 oz:1 oz:1 oz:1 oz:1,99.7
039,7205 7306 7415 7604 7606 8102,6,138660,chua-lam,,,oz:1 oz:1 oz:1 oz:1 oz:1 oz:1,99.8
040,8210 8303 8304 8415 8430 8433,6,212094,chua-lam,,,oz:1 oz:1 oz:1 oz:1 oz:1 oz:1,99.9
041,8436 8448 8455 8464 8472 8474,6,314306,chua-lam,,,oz:1 oz:1 oz:1 oz:1 oz:1 oz:1,99.9
042,8508 8526 8608 8712 8715 9005,6,180075,chua-lam,,,oz:1 oz:1 oz:1 oz:1 oz:1 oz:1,100.0
043,9107 9201 9202 0101 0102 0103,6,29212,chua-lam,,,oz:1 oz:1 oz:1 khong-co-tin-hieu khong-co-tin-hieu khong-co-tin-hieu,100.0
044,0104 0105 0106 0201 0202 0203,6,33028,chua-lam,,,khong-co-tin-hieu khong-co-tin-hieu khong-co-tin-hieu khong-co-tin-hieu khong-co-tin-hieu khong-co-tin-hieu,100.0
045,0204 0205 0206 0207 0208 0209,6,50002,chua-lam,,,khong-co-tin-hieu khong-co-tin-hieu khong-co-tin-hieu khong-co-tin-hieu khong-co-tin-hieu khong-co-tin-hieu,100.0
046,0210 0301 0302 0303 0304 0305,6,107957,chua-lam,,,khong-co-tin-hieu khong-co-tin-hieu khong-co-tin-hieu khong-co-tin-hieu khong-co-tin-hieu khong-co-tin-hieu,100.0
047,0306 0307 0308 0309 0401 0403,6,55836,chua-lam,,,khong-co-tin-hieu khong-co-tin-hieu khong-co-tin-hieu khong-co-tin-hieu khong-co-tin-hieu khong-co-tin-hieu,100.0
048,0404 0405 0406 0407 0408 0409,6,47319,chua-lam,,,khong-co-tin-hieu khong-co-tin-hieu khong-co-tin-hieu khong-co-tin-hieu khong-co-tin-hieu khong-co-tin-hieu,100.0
049,0410 0501 0502 0504 0505 0506,6,28831,chua-lam,,,khong-co-tin-hieu khong-co-tin-hieu khong-co-tin-hieu khong-co-tin-hieu khong-co-tin-hieu khong-co-tin-hieu,100.0
050,0507 0508 0510 0511 0601 0602,6,30644,chua-lam,,,khong-co-tin-hieu khong-co-tin-hieu khong-co-tin-hieu khong-co-tin-hieu khong-co-tin-hieu khong-co-tin-hieu,100.0
051,0603 0604 0701 0702 0703 0704,6,34377,chua-lam,,,khong-co-tin-hieu khong-co-tin-hieu khong-co-tin-hieu khong-co-tin-hieu khong-co-tin-hieu khong-co-tin-hieu,100.0
052,0705 0706 0707 0708 0709 0710,6,40499,chua-lam,,,khong-co-tin-hieu khong-co-tin-hieu khong-co-tin-hieu khong-co-tin-hieu khong-co-tin-hieu khong-co-tin-hieu,100.0
053,0711 0712 0713 0714 0801 0802,6,47356,chua-lam,,,khong-co-tin-hieu khong-co-tin-hieu khong-co-tin-hieu khong-co-tin-hieu khong-co-tin-hieu khong-co-tin-hieu,100.0
054,0803 0804 0805 0806 0807 0808,6,39770,chua-lam,,,khong-co-tin-hieu khong-co-tin-hieu khong-co-tin-hieu khong-co-tin-hieu khong-co-tin-hieu khong-co-tin-hieu,100.0
055,0809 0810 0811 0812 0813 0814,6,41101,chua-lam,,,khong-co-tin-hieu khong-co-tin-hieu khong-co-tin-hieu khong-co-tin-hieu khong-co-tin-hieu khong-co-tin-hieu,100.0
056,0901 0902 0903 0904 0905 0906,6,34275,chua-lam,,,khong-co-tin-hieu khong-co-tin-hieu khong-co-tin-hieu khong-co-tin-hieu khong-co-tin-hieu khong-co-tin-hieu,100.0
057,0907 0908 0909 0910 1001 1002,6,29019,chua-lam,,,khong-co-tin-hieu khong-co-tin-hieu khong-co-tin-hieu khong-co-tin-hieu khong-co-tin-hieu khong-co-tin-hieu,100.0
058,1003 1004 1005 1006 1007 1008,6,24957,chua-lam,,,khong-co-tin-hieu khong-co-tin-hieu khong-co-tin-hieu khong-co-tin-hieu khong-co-tin-hieu khong-co-tin-hieu,100.0
059,1101 1102 1103 1104 1105 1106,6,40208,chua-lam,,,khong-co-tin-hieu khong-co-tin-hieu khong-co-tin-hieu khong-co-tin-hieu khong-co-tin-hieu khong-co-tin-hieu,100.0
060,1107 1108 1109 1201 1202 1203,6,31472,chua-lam,,,khong-co-tin-hieu khong-co-tin-hieu khong-co-tin-hieu khong-co-tin-hieu khong-co-tin-hieu khong-co-tin-hieu,100.0
061,1204 1205 1206 1207 1208 1209,6,30302,chua-lam,,,khong-co-tin-hieu khong-co-tin-hieu khong-co-tin-hieu khong-co-tin-hieu khong-co-tin-hieu khong-co-tin-hieu,100.0
062,1210 1211 1212 1213 1214 1301,6,49269,chua-lam,,,khong-co-tin-hieu khong-co-tin-hieu khong-co-tin-hieu khong-co-tin-hieu khong-co-tin-hieu khong-co-tin-hieu,100.0
063,1302 1401 1404 1501 1502 1503,6,70594,chua-lam,,,khong-co-tin-hieu khong-co-tin-hieu khong-co-tin-hieu khong-co-tin-hieu khong-co-tin-hieu khong-co-tin-hieu,100.0
064,1504 1505 1506 1507 1508 1509,6,63753,chua-lam,,,khong-co-tin-hieu khong-co-tin-hieu khong-co-tin-hieu khong-co-tin-hieu khong-co-tin-hieu khong-co-tin-hieu,100.0
065,1510 1511 1512 1513 1514 1515,6,73078,chua-lam,,,khong-co-tin-hieu khong-co-tin-hieu khong-co-tin-hieu khong-co-tin-hieu khong-co-tin-hieu khong-co-tin-hieu,100.0
066,1516 1517 1518 1520 1521 1522,6,76593,chua-lam,,,khong-co-tin-hieu khong-co-tin-hieu khong-co-tin-hieu khong-co-tin-hieu khong-co-tin-hieu khong-co-tin-hieu,100.0
067,1601 1602 1603 1604 1605 1701,6,54039,chua-lam,,,khong-co-tin-hieu khong-co-tin-hieu khong-co-tin-hieu khong-co-tin-hieu khong-co-tin-hieu khong-co-tin-hieu,100.0
068,1703 1704 1801 1802 1803 1804,6,22640,chua-lam,,,khong-co-tin-hieu khong-co-tin-hieu khong-co-tin-hieu khong-co-tin-hieu khong-co-tin-hieu khong-co-tin-hieu,100.0
069,1805 1806 1902 1903 1904 1905,6,40003,chua-lam,,,khong-co-tin-hieu khong-co-tin-hieu khong-co-tin-hieu khong-co-tin-hieu khong-co-tin-hieu khong-co-tin-hieu,100.0
070,2001 2002 2003 2004 2005 2006,6,42300,chua-lam,,,khong-co-tin-hieu khong-co-tin-hieu khong-co-tin-hieu khong-co-tin-hieu khong-co-tin-hieu khong-co-tin-hieu,100.0
071,2007 2008 2009 2102 2103 2104,6,58357,chua-lam,,,khong-co-tin-hieu khong-co-tin-hieu khong-co-tin-hieu khong-co-tin-hieu khong-co-tin-hieu khong-co-tin-hieu,100.0
072,2105 2201 2203 2204 2205 2206,6,31326,chua-lam,,,khong-co-tin-hieu khong-co-tin-hieu khong-co-tin-hieu khong-co-tin-hieu khong-co-tin-hieu khong-co-tin-hieu,100.0
073,2207 2208 2209 2301 2302 2303,6,32027,chua-lam,,,khong-co-tin-hieu khong-co-tin-hieu khong-co-tin-hieu khong-co-tin-hieu khong-co-tin-hieu khong-co-tin-hieu,100.0
074,2304 2305 2306 2307 2308 2309,6,29185,chua-lam,,,khong-co-tin-hieu khong-co-tin-hieu khong-co-tin-hieu khong-co-tin-hieu khong-co-tin-hieu khong-co-tin-hieu,100.0
075,2401 2402 2403 2404 2501 2502,6,41338,chua-lam,,,khong-co-tin-hieu khong-co-tin-hieu khong-co-tin-hieu khong-co-tin-hieu khong-co-tin-hieu khong-co-tin-hieu,100.0
076,2503 2504 2505 2506 2507 2509,6,39946,chua-lam,,,khong-co-tin-hieu khong-co-tin-hieu khong-co-tin-hieu khong-co-tin-hieu khong-co-tin-hieu khong-co-tin-hieu,100.0
077,2510 2511 2512 2513 2514 2515,6,43931,chua-lam,,,khong-co-tin-hieu khong-co-tin-hieu khong-co-tin-hieu khong-co-tin-hieu khong-co-tin-hieu khong-co-tin-hieu,100.0
078,2516 2517 2518 2519 2520 2521,6,44080,chua-lam,,,khong-co-tin-hieu khong-co-tin-hieu khong-co-tin-hieu khong-co-tin-hieu khong-co-tin-hieu khong-co-tin-hieu,100.0
079,2522 2523 2524 2525 2526 2528,6,40984,chua-lam,,,khong-co-tin-hieu khong-co-tin-hieu khong-co-tin-hieu khong-co-tin-hieu khong-co-tin-hieu khong-co-tin-hieu,100.0
080,2529 2530 2601 2602 2603 2604,6,50344,chua-lam,,,khong-co-tin-hieu khong-co-tin-hieu khong-co-tin-hieu khong-co-tin-hieu khong-co-tin-hieu khong-co-tin-hieu,100.0
081,2605 2606 2607 2608 2609 2610,6,41031,chua-lam,,,khong-co-tin-hieu khong-co-tin-hieu khong-co-tin-hieu khong-co-tin-hieu khong-co-tin-hieu khong-co-tin-hieu,100.0
082,2611 2612 2613 2614 2615 2616,6,43911,chua-lam,,,khong-co-tin-hieu khong-co-tin-hieu khong-co-tin-hieu khong-co-tin-hieu khong-co-tin-hieu khong-co-tin-hieu,100.0
083,2617 2618 2619 2620 2621 2701,6,52049,chua-lam,,,khong-co-tin-hieu khong-co-tin-hieu khong-co-tin-hieu khong-co-tin-hieu khong-co-tin-hieu khong-co-tin-hieu,100.0
084,2702 2703 2704 2705 2706 2707,6,34225,chua-lam,,,khong-co-tin-hieu khong-co-tin-hieu khong-co-tin-hieu khong-co-tin-hieu khong-co-tin-hieu khong-co-tin-hieu,100.0
085,2708 2709 2710 2711 2712 2713,6,56906,chua-lam,,,khong-co-tin-hieu khong-co-tin-hieu khong-co-tin-hieu khong-co-tin-hieu khong-co-tin-hieu khong-co-tin-hieu,100.0
086,2714 2715 2716 2801 2802 2803,6,98567,chua-lam,,,khong-co-tin-hieu khong-co-tin-hieu khong-co-tin-hieu khong-co-tin-hieu khong-co-tin-hieu khong-co-tin-hieu,100.0
087,2804 2805 2806 2807 2808 2809,6,174339,chua-lam,,,khong-co-tin-hieu khong-co-tin-hieu khong-co-tin-hieu khong-co-tin-hieu khong-co-tin-hieu khong-co-tin-hieu,100.0
088,2810 2811 2812 2813 2814 2815,6,184076,chua-lam,,,khong-co-tin-hieu khong-co-tin-hieu khong-co-tin-hieu khong-co-tin-hieu khong-co-tin-hieu khong-co-tin-hieu,100.0
089,2816 2817 2818 2819 2820 2821,6,161894,chua-lam,,,khong-co-tin-hieu khong-co-tin-hieu khong-co-tin-hieu khong-co-tin-hieu khong-co-tin-hieu khong-co-tin-hieu,100.0
090,2822 2823 2824 2825 2826 2827,6,188726,chua-lam,,,khong-co-tin-hieu khong-co-tin-hieu khong-co-tin-hieu khong-co-tin-hieu khong-co-tin-hieu khong-co-tin-hieu,100.0
091,2828 2829 2830 2831 2832 2833,6,179856,chua-lam,,,khong-co-tin-hieu khong-co-tin-hieu khong-co-tin-hieu khong-co-tin-hieu khong-co-tin-hieu khong-co-tin-hieu,100.0
092,2834 2835 2836 2837 2839 2840,6,187013,chua-lam,,,khong-co-tin-hieu khong-co-tin-hieu khong-co-tin-hieu khong-co-tin-hieu khong-co-tin-hieu khong-co-tin-hieu,100.0
093,2841 2842 2843 2844 2845 2846,6,216992,chua-lam,,,khong-co-tin-hieu khong-co-tin-hieu khong-co-tin-hieu khong-co-tin-hieu khong-co-tin-hieu khong-co-tin-hieu,100.0
094,2847 2849 2850 2852 2853 2901,6,182205,chua-lam,,,khong-co-tin-hieu khong-co-tin-hieu khong-co-tin-hieu khong-co-tin-hieu khong-co-tin-hieu khong-co-tin-hieu,100.0
095,2902 2903 2904 2905 2906 2907,6,234852,chua-lam,,,khong-co-tin-hieu khong-co-tin-hieu khong-co-tin-hieu khong-co-tin-hieu khong-co-tin-hieu khong-co-tin-hieu,100.0
096,2908 2909 2910 2911 2912 2913,6,210625,chua-lam,,,khong-co-tin-hieu khong-co-tin-hieu khong-co-tin-hieu khong-co-tin-hieu khong-co-tin-hieu khong-co-tin-hieu,100.0
097,2914 2915 2916 2918 2919 2920,6,232303,chua-lam,,,khong-co-tin-hieu khong-co-tin-hieu khong-co-tin-hieu khong-co-tin-hieu khong-co-tin-hieu khong-co-tin-hieu,100.0
098,2921 2922 2923 2924 2925 2926,6,219695,chua-lam,,,khong-co-tin-hieu khong-co-tin-hieu khong-co-tin-hieu khong-co-tin-hieu khong-co-tin-hieu khong-co-tin-hieu,100.0
099,2927 2928 2929 2930 2931 2932,6,218038,chua-lam,,,khong-co-tin-hieu khong-co-tin-hieu khong-co-tin-hieu khong-co-tin-hieu khong-co-tin-hieu khong-co-tin-hieu,100.0
100,2933 2934 2935 2936 2937 2938,6,281377,chua-lam,,,khong-co-tin-hieu khong-co-tin-hieu khong-co-tin-hieu khong-co-tin-hieu khong-co-tin-hieu khong-co-tin-hieu,100.0
101,2939 2940 2941 2942 3001 3002,6,237417,chua-lam,,,khong-co-tin-hieu khong-co-tin-hieu khong-co-tin-hieu khong-co-tin-hieu khong-co-tin-hieu khong-co-tin-hieu,100.0
102,3003 3005 3101 3102 3103 3104,6,86545,chua-lam,,,khong-co-tin-hieu khong-co-tin-hieu khong-co-tin-hieu khong-co-tin-hieu khong-co-tin-hieu khong-co-tin-hieu,100.0
103,3105 3201 3202 3203 3204 3205,6,91106,chua-lam,,,khong-co-tin-hieu khong-co-tin-hieu khong-co-tin-hieu khong-co-tin-hieu khong-co-tin-hieu khong-co-tin-hieu,100.0
104,3207 3209 3210 3211 3212 3213,6,77873,chua-lam,,,khong-co-tin-hieu khong-co-tin-hieu khong-co-tin-hieu khong-co-tin-hieu khong-co-tin-hieu khong-co-tin-hieu,100.0
105,3214 3301 3302 3303 3304 3305,6,83499,chua-lam,,,khong-co-tin-hieu khong-co-tin-hieu khong-co-tin-hieu khong-co-tin-hieu khong-co-tin-hieu khong-co-tin-hieu,100.0
106,3306 3402 3403 3404 3405 3501,6,81775,chua-lam,,,khong-co-tin-hieu khong-co-tin-hieu khong-co-tin-hieu khong-co-tin-hieu khong-co-tin-hieu khong-co-tin-hieu,100.0
107,3502 3503 3504 3505 3507 3601,6,64930,chua-lam,,,khong-co-tin-hieu khong-co-tin-hieu khong-co-tin-hieu khong-co-tin-hieu khong-co-tin-hieu khong-co-tin-hieu,100.0
108,3602 3603 3604 3605 3606 3702,6,66950,chua-lam,,,khong-co-tin-hieu khong-co-tin-hieu khong-co-tin-hieu khong-co-tin-hieu khong-co-tin-hieu khong-co-tin-hieu,100.0
109,3703 3704 3705 3706 3707 3801,6,74736,chua-lam,,,khong-co-tin-hieu khong-co-tin-hieu khong-co-tin-hieu khong-co-tin-hieu khong-co-tin-hieu khong-co-tin-hieu,100.0
110,3803 3804 3805 3806 3807 3808,6,132638,chua-lam,,,khong-co-tin-hieu khong-co-tin-hieu khong-co-tin-hieu khong-co-tin-hieu khong-co-tin-hieu khong-co-tin-hieu,100.0
111,3809 3811 3813 3814 3815 3816,6,118893,chua-lam,,,khong-co-tin-hieu khong-co-tin-hieu khong-co-tin-hieu khong-co-tin-hieu khong-co-tin-hieu khong-co-tin-hieu,100.0
112,3817 3818 3819 3820 3821 3822,6,109632,chua-lam,,,khong-co-tin-hieu khong-co-tin-hieu khong-co-tin-hieu khong-co-tin-hieu khong-co-tin-hieu khong-co-tin-hieu,100.0
113,3823 3825 3826 3827 3901 3903,6,184309,chua-lam,,,khong-co-tin-hieu khong-co-tin-hieu khong-co-tin-hieu khong-co-tin-hieu khong-co-tin-hieu khong-co-tin-hieu,100.0
114,3905 3906 3908 3909 3910 3911,6,255315,chua-lam,,,khong-co-tin-hieu khong-co-tin-hieu khong-co-tin-hieu khong-co-tin-hieu khong-co-tin-hieu khong-co-tin-hieu,100.0
115,3912 3913 3915 4001 4002 4003,6,223187,chua-lam,,,khong-co-tin-hieu khong-co-tin-hieu khong-co-tin-hieu khong-co-tin-hieu khong-co-tin-hieu khong-co-tin-hieu,100.0
116,4004 4005 4007 4017 4101 4102,6,81260,chua-lam,,,khong-co-tin-hieu khong-co-tin-hieu khong-co-tin-hieu khong-co-tin-hieu khong-co-tin-hieu khong-co-tin-hieu,100.0
117,4103 4104 4105 4106 4107 4112,6,59788,chua-lam,,,khong-co-tin-hieu khong-co-tin-hieu khong-co-tin-hieu khong-co-tin-hieu khong-co-tin-hieu khong-co-tin-hieu,100.0
118,4113 4114 4115 4201 4205 4206,6,50144,chua-lam,,,khong-co-tin-hieu khong-co-tin-hieu khong-co-tin-hieu khong-co-tin-hieu khong-co-tin-hieu khong-co-tin-hieu,100.0
119,4301 4302 4303 4304 4401 4402,6,43286,chua-lam,,,khong-co-tin-hieu khong-co-tin-hieu khong-co-tin-hieu khong-co-tin-hieu khong-co-tin-hieu khong-co-tin-hieu,100.0
120,4403 4404 4405 4406 4407 4408,6,79854,chua-lam,,,khong-co-tin-hieu khong-co-tin-hieu khong-co-tin-hieu khong-co-tin-hieu khong-co-tin-hieu khong-co-tin-hieu,100.0
121,4409 4410 4411 4413 4414 4416,6,74197,chua-lam,,,khong-co-tin-hieu khong-co-tin-hieu khong-co-tin-hieu khong-co-tin-hieu khong-co-tin-hieu khong-co-tin-hieu,100.0
122,4417 4419 4501 4502 4503 4504,6,34641,chua-lam,,,khong-co-tin-hieu khong-co-tin-hieu khong-co-tin-hieu khong-co-tin-hieu khong-co-tin-hieu khong-co-tin-hieu,100.0
123,4601 4602 4701 4702 4703 4704,6,36228,chua-lam,,,khong-co-tin-hieu khong-co-tin-hieu khong-co-tin-hieu khong-co-tin-hieu khong-co-tin-hieu khong-co-tin-hieu,100.0
124,4705 4706 4707 4801 4803 4804,6,117909,chua-lam,,,khong-co-tin-hieu khong-co-tin-hieu khong-co-tin-hieu khong-co-tin-hieu khong-co-tin-hieu khong-co-tin-hieu,100.0
125,4805 4806 4808 4809 4810 4813,6,209905,chua-lam,,,khong-co-tin-hieu khong-co-tin-hieu khong-co-tin-hieu khong-co-tin-hieu khong-co-tin-hieu khong-co-tin-hieu,100.0
126,4816 4817 4822 4901 4902 4903,6,124773,chua-lam,,,khong-co-tin-hieu khong-co-tin-hieu khong-co-tin-hieu khong-co-tin-hieu khong-co-tin-hieu khong-co-tin-hieu,100.0
127,4904 4905 4906 4907 4909 4910,6,47624,chua-lam,,,khong-co-tin-hieu khong-co-tin-hieu khong-co-tin-hieu khong-co-tin-hieu khong-co-tin-hieu khong-co-tin-hieu,100.0
128,5001 5002 5003 5004 5005 5006,6,163805,chua-lam,,,khong-co-tin-hieu khong-co-tin-hieu khong-co-tin-hieu khong-co-tin-hieu khong-co-tin-hieu khong-co-tin-hieu,100.0
129,5007 5101 5102 5103 5104 5105,6,174252,chua-lam,,,khong-co-tin-hieu khong-co-tin-hieu khong-co-tin-hieu khong-co-tin-hieu khong-co-tin-hieu khong-co-tin-hieu,100.0
130,5106 5107 5108 5109 5110 5111,6,166163,chua-lam,,,khong-co-tin-hieu khong-co-tin-hieu khong-co-tin-hieu khong-co-tin-hieu khong-co-tin-hieu khong-co-tin-hieu,100.0
131,5112 5113 5201 5202 5203 5204,6,163889,chua-lam,,,khong-co-tin-hieu khong-co-tin-hieu khong-co-tin-hieu khong-co-tin-hieu khong-co-tin-hieu khong-co-tin-hieu,100.0
132,5205 5206 5212 5301 5302 5303,6,182417,chua-lam,,,khong-co-tin-hieu khong-co-tin-hieu khong-co-tin-hieu khong-co-tin-hieu khong-co-tin-hieu khong-co-tin-hieu,100.0
133,5305 5306 5307 5308 5310 5311,6,163616,chua-lam,,,khong-co-tin-hieu khong-co-tin-hieu khong-co-tin-hieu khong-co-tin-hieu khong-co-tin-hieu khong-co-tin-hieu,100.0
134,5403 5404 5405 5406 5501 5502,6,97572,chua-lam,,,khong-co-tin-hieu khong-co-tin-hieu khong-co-tin-hieu khong-co-tin-hieu khong-co-tin-hieu khong-co-tin-hieu,100.0
135,5503 5504 5505 5506 5507 5509,6,173764,chua-lam,,,khong-co-tin-hieu khong-co-tin-hieu khong-co-tin-hieu khong-co-tin-hieu khong-co-tin-hieu khong-co-tin-hieu,100.0
136,5514 5516 5603 5604 5605 5606,6,188885,chua-lam,,,khong-co-tin-hieu khong-co-tin-hieu khong-co-tin-hieu khong-co-tin-hieu khong-co-tin-hieu khong-co-tin-hieu,100.0
137,5701 5704 5801 5802 5803 5805,6,183635,chua-lam,,,khong-co-tin-hieu khong-co-tin-hieu khong-co-tin-hieu khong-co-tin-hieu khong-co-tin-hieu khong-co-tin-hieu,100.0
138,5807 5809 5810 5811 5901 5902,6,192222,chua-lam,,,khong-co-tin-hieu khong-co-tin-hieu khong-co-tin-hieu khong-co-tin-hieu khong-co-tin-hieu khong-co-tin-hieu,100.0
139,5904 5905 5907 5908 5910 6002,6,202137,chua-lam,,,khong-co-tin-hieu khong-co-tin-hieu khong-co-tin-hieu khong-co-tin-hieu khong-co-tin-hieu khong-co-tin-hieu,100.0
140,6003 6113 6205 6206 6207 6209,6,221626,chua-lam,,,khong-co-tin-hieu khong-co-tin-hieu khong-co-tin-hieu khong-co-tin-hieu khong-co-tin-hieu khong-co-tin-hieu,100.0
141,6210 6213 6217 6308 6309 6310,6,208465,chua-lam,,,khong-co-tin-hieu khong-co-tin-hieu khong-co-tin-hieu khong-co-tin-hieu khong-co-tin-hieu khong-co-tin-hieu,100.0
142,6501 6502 6507 6602 6701 6703,6,25812,chua-lam,,,khong-co-tin-hieu khong-co-tin-hieu khong-co-tin-hieu khong-co-tin-hieu khong-co-tin-hieu khong-co-tin-hieu,100.0
143,6801 6803 6806 6807 6808 6811,6,41474,chua-lam,,,khong-co-tin-hieu khong-co-tin-hieu khong-co-tin-hieu khong-co-tin-hieu khong-co-tin-hieu khong-co-tin-hieu,100.0
144,6812 6813 6901 6902 6904 6905,6,64885,chua-lam,,,khong-co-tin-hieu khong-co-tin-hieu khong-co-tin-hieu khong-co-tin-hieu khong-co-tin-hieu khong-co-tin-hieu,100.0
145,6906 6907 6912 7001 7002 7003,6,75227,chua-lam,,,khong-co-tin-hieu khong-co-tin-hieu khong-co-tin-hieu khong-co-tin-hieu khong-co-tin-hieu khong-co-tin-hieu,100.0
146,7004 7005 7006 7008 7011 7014,6,57425,chua-lam,,,khong-co-tin-hieu khong-co-tin-hieu khong-co-tin-hieu khong-co-tin-hieu khong-co-tin-hieu khong-co-tin-hieu,100.0
147,7015 7016 7020 7101 7102 7103,6,86131,chua-lam,,,khong-co-tin-hieu khong-co-tin-hieu khong-co-tin-hieu khong-co-tin-hieu khong-co-tin-hieu khong-co-tin-hieu,100.0
148,7104 7105 7106 7107 7108 7109,6,93328,chua-lam,,,khong-co-tin-hieu khong-co-tin-hieu khong-co-tin-hieu khong-co-tin-hieu khong-co-tin-hieu khong-co-tin-hieu,100.0
149,7110 7111 7112 7113 7114 7115,6,98386,chua-lam,,,khong-co-tin-hieu khong-co-tin-hieu khong-co-tin-hieu khong-co-tin-hieu khong-co-tin-hieu khong-co-tin-hieu,100.0
150,7116 7118 7201 7202 7203 7204,6,214762,chua-lam,,,khong-co-tin-hieu khong-co-tin-hieu khong-co-tin-hieu khong-co-tin-hieu khong-co-tin-hieu khong-co-tin-hieu,100.0
151,7206 7207 7210 7211 7212 7213,6,275455,chua-lam,,,khong-co-tin-hieu khong-co-tin-hieu khong-co-tin-hieu khong-co-tin-hieu khong-co-tin-hieu khong-co-tin-hieu,100.0
152,7214 7215 7216 7217 7218 7219,6,269964,chua-lam,,,khong-co-tin-hieu khong-co-tin-hieu khong-co-tin-hieu khong-co-tin-hieu khong-co-tin-hieu khong-co-tin-hieu,100.0
153,7220 7221 7222 7223 7224 7225,6,259069,chua-lam,,,khong-co-tin-hieu khong-co-tin-hieu khong-co-tin-hieu khong-co-tin-hieu khong-co-tin-hieu khong-co-tin-hieu,100.0
154,7226 7227 7228 7229 7301 7302,6,205956,chua-lam,,,khong-co-tin-hieu khong-co-tin-hieu khong-co-tin-hieu khong-co-tin-hieu khong-co-tin-hieu khong-co-tin-hieu,100.0
155,7303 7305 7309 7313 7316 7319,6,93424,chua-lam,,,khong-co-tin-hieu khong-co-tin-hieu khong-co-tin-hieu khong-co-tin-hieu khong-co-tin-hieu khong-co-tin-hieu,100.0
156,7322 7401 7402 7403 7404 7405,6,122304,chua-lam,,,khong-co-tin-hieu khong-co-tin-hieu khong-co-tin-hieu khong-co-tin-hieu khong-co-tin-hieu khong-co-tin-hieu,100.0
157,7406 7407 7409 7410 7411 7413,6,126597,chua-lam,,,khong-co-tin-hieu khong-co-tin-hieu khong-co-tin-hieu khong-co-tin-hieu khong-co-tin-hieu khong-co-tin-hieu,100.0
158,7501 7502 7503 7504 7505 7506,6,98644,chua-lam,,,khong-co-tin-hieu khong-co-tin-hieu khong-co-tin-hieu khong-co-tin-hieu khong-co-tin-hieu khong-co-tin-hieu,100.0
159,7507 7508 7601 7602 7603 7605,6,107860,chua-lam,,,khong-co-tin-hieu khong-co-tin-hieu khong-co-tin-hieu khong-co-tin-hieu khong-co-tin-hieu khong-co-tin-hieu,100.0
160,7608 7609 7611 7613 7614 7801,6,105432,chua-lam,,,khong-co-tin-hieu khong-co-tin-hieu khong-co-tin-hieu khong-co-tin-hieu khong-co-tin-hieu khong-co-tin-hieu,100.0
161,7802 7804 7806 7901 7902 7903,6,97152,chua-lam,,,khong-co-tin-hieu khong-co-tin-hieu khong-co-tin-hieu khong-co-tin-hieu khong-co-tin-hieu khong-co-tin-hieu,100.0
162,7904 7905 7907 8001 8002 8003,6,101150,chua-lam,,,khong-co-tin-hieu khong-co-tin-hieu khong-co-tin-hieu khong-co-tin-hieu khong-co-tin-hieu khong-co-tin-hieu,100.0
163,8007 8101 8103 8104 8105 8106,6,96357,chua-lam,,,khong-co-tin-hieu khong-co-tin-hieu khong-co-tin-hieu khong-co-tin-hieu khong-co-tin-hieu khong-co-tin-hieu,100.0
164,8108 8109 8110 8111 8112 8113,6,91604,chua-lam,,,khong-co-tin-hieu khong-co-tin-hieu khong-co-tin-hieu khong-co-tin-hieu khong-co-tin-hieu khong-co-tin-hieu,100.0
165,8209 8310 8401 8402 8403 8404,6,234016,chua-lam,,,khong-co-tin-hieu khong-co-tin-hieu khong-co-tin-hieu khong-co-tin-hieu khong-co-tin-hieu khong-co-tin-hieu,100.0
166,8406 8407 8408 8410 8411 8417,6,287464,chua-lam,,,khong-co-tin-hieu khong-co-tin-hieu khong-co-tin-hieu khong-co-tin-hieu khong-co-tin-hieu khong-co-tin-hieu,100.0
167,8426 8429 8432 8434 8435 8439,6,302839,chua-lam,,,khong-co-tin-hieu khong-co-tin-hieu khong-co-tin-hieu khong-co-tin-hieu khong-co-tin-hieu khong-co-tin-hieu,100.0
168,8440 8442 8444 8445 8446 8450,6,292266,chua-lam,,,khong-co-tin-hieu khong-co-tin-hieu khong-co-tin-hieu khong-co-tin-hieu khong-co-tin-hieu khong-co-tin-hieu,100.0
169,8454 8457 8458 8463 8468 8470,6,291241,chua-lam,,,khong-co-tin-hieu khong-co-tin-hieu khong-co-tin-hieu khong-co-tin-hieu khong-co-tin-hieu khong-co-tin-hieu,100.0
170,8475 8476 8478 8485 8486 8487,6,293780,chua-lam,,,khong-co-tin-hieu khong-co-tin-hieu khong-co-tin-hieu khong-co-tin-hieu khong-co-tin-hieu khong-co-tin-hieu,100.0
171,8502 8527 8540 8546 8547 8549,6,281024,chua-lam,,,khong-co-tin-hieu khong-co-tin-hieu khong-co-tin-hieu khong-co-tin-hieu khong-co-tin-hieu khong-co-tin-hieu,100.0
172,8601 8602 8603 8604 8605 8606,6,124592,chua-lam,,,khong-co-tin-hieu khong-co-tin-hieu khong-co-tin-hieu khong-co-tin-hieu khong-co-tin-hieu khong-co-tin-hieu,100.0
173,8607 8609 8701 8702 8703 8704,6,201786,chua-lam,,,khong-co-tin-hieu khong-co-tin-hieu khong-co-tin-hieu khong-co-tin-hieu khong-co-tin-hieu khong-co-tin-hieu,100.0
174,8705 8706 8707 8709 8710 8711,6,140063,chua-lam,,,khong-co-tin-hieu khong-co-tin-hieu khong-co-tin-hieu khong-co-tin-hieu khong-co-tin-hieu khong-co-tin-hieu,100.0
175,8713 8801 8802 8804 8805 8806,6,112981,chua-lam,,,khong-co-tin-hieu khong-co-tin-hieu khong-co-tin-hieu khong-co-tin-hieu khong-co-tin-hieu khong-co-tin-hieu,100.0
176,8807 8901 8902 8903 8904 8905,6,115000,chua-lam,,,khong-co-tin-hieu khong-co-tin-hieu khong-co-tin-hieu khong-co-tin-hieu khong-co-tin-hieu khong-co-tin-hieu,100.0
177,8906 8907 8908 9001 9006 9007,6,128836,chua-lam,,,khong-co-tin-hieu khong-co-tin-hieu khong-co-tin-hieu khong-co-tin-hieu khong-co-tin-hieu khong-co-tin-hieu,100.0
178,9008 9010 9012 9014 9016 9018,6,144147,chua-lam,,,khong-co-tin-hieu khong-co-tin-hieu khong-co-tin-hieu khong-co-tin-hieu khong-co-tin-hieu khong-co-tin-hieu,100.0
179,9020 9022 9023 9027 9033 9101,6,131074,chua-lam,,,khong-co-tin-hieu khong-co-tin-hieu khong-co-tin-hieu khong-co-tin-hieu khong-co-tin-hieu khong-co-tin-hieu,100.0
180,9103 9104 9108 9109 9110 9111,6,65430,chua-lam,,,khong-co-tin-hieu khong-co-tin-hieu khong-co-tin-hieu khong-co-tin-hieu khong-co-tin-hieu khong-co-tin-hieu,100.0
181,9112 9114 9205 9206 9207 9208,6,58208,chua-lam,,,khong-co-tin-hieu khong-co-tin-hieu khong-co-tin-hieu khong-co-tin-hieu khong-co-tin-hieu khong-co-tin-hieu,100.0
182,9209 9301 9302 9303 9304 9305,6,41279,chua-lam,,,khong-co-tin-hieu khong-co-tin-hieu khong-co-tin-hieu khong-co-tin-hieu khong-co-tin-hieu khong-co-tin-hieu,100.0
183,9306 9307 9508 9601 9602 9604,6,49956,chua-lam,,,khong-co-tin-hieu khong-co-tin-hieu khong-co-tin-hieu khong-co-tin-hieu khong-co-tin-hieu khong-co-tin-hieu,100.0
184,9605 9611 9613 9614 9701 9702,6,33911,chua-lam,,,khong-co-tin-hieu khong-co-tin-hieu khong-co-tin-hieu khong-co-tin-hieu khong-co-tin-hieu khong-co-tin-hieu,100.0
185,9703 9704 9705 9706,4,26605,chua-lam,,,khong-co-tin-hieu khong-co-tin-hieu khong-co-tin-hieu khong-co-tin-hieu,100.0
